[{"model": "admin.logentry", "pk": 1, "fields": {"action_time": "2025-08-30T12:37:43.913Z", "user": "dd66cf1f-cf45-407e-a367-b44021243bb2", "content_type": 8, "object_id": "6a87e79e-e9da-4f83-945b-c2f300652fc8", "object_repr": "PVD (Granula)", "action_flag": 1, "change_message": "[{\"added\": {}}]"}}, {"model": "admin.logentry", "pk": 2, "fields": {"action_time": "2025-08-30T12:37:56.360Z", "user": "dd66cf1f-cf45-407e-a367-b44021243bb2", "content_type": 8, "object_id": "f48baacd-ea74-44ef-a769-f3e56860b522", "object_repr": "VT (Granula)", "action_flag": 1, "change_message": "[{\"added\": {}}]"}}, {"model": "admin.logentry", "pk": 3, "fields": {"action_time": "2025-08-30T12:38:12.395Z", "user": "dd66cf1f-cf45-407e-a367-b44021243bb2", "content_type": 8, "object_id": "910290dd-9c19-4f08-ae7e-4fabed461d55", "object_repr": "FIN (Granula)", "action_flag": 1, "change_message": "[{\"added\": {}}]"}}, {"model": "admin.logentry", "pk": 4, "fields": {"action_time": "2025-08-30T12:38:27.281Z", "user": "dd66cf1f-cf45-407e-a367-b44021243bb2", "content_type": 8, "object_id": "1f0e6a3c-efb3-4ef3-b5c0-1ed8ca149c9a", "object_repr": "TAL (Granula)", "action_flag": 1, "change_message": "[{\"added\": {}}]"}}, {"model": "admin.logentry", "pk": 5, "fields": {"action_time": "2025-08-30T12:38:56.313Z", "user": "dd66cf1f-cf45-407e-a367-b44021243bb2", "content_type": 8, "object_id": "b63118f9-bea0-4ba9-b7d5-14a8e7ad2d4f", "object_repr": "KR (Granula)", "action_flag": 1, "change_message": "[{\"added\": {}}]"}}, {"model": "admin.logentry", "pk": 6, "fields": {"action_time": "2025-08-30T12:39:40.683Z", "user": "dd66cf1f-cf45-407e-a367-b44021243bb2", "content_type": 8, "object_id": "f27523a8-3610-421e-aa26-b1470e53c350", "object_repr": "Lavsan - folga (Zar)", "action_flag": 1, "change_message": "[{\"added\": {}}]"}}, {"model": "admin.logentry", "pk": 7, "fields": {"action_time": "2025-08-30T12:40:06.217Z", "user": "dd66cf1f-cf45-407e-a367-b44021243bb2", "content_type": 8, "object_id": "931806cc-381e-40ab-8e2e-db301d76478d", "object_repr": "Lavsan - gold (Zar)", "action_flag": 1, "change_message": "[{\"added\": {}}]"}}, {"model": "admin.logentry", "pk": 8, "fields": {"action_time": "2025-08-30T12:41:03.680Z", "user": "dd66cf1f-cf45-407e-a367-b44021243bb2", "content_type": 9, "object_id": "a7326219-9ce0-499c-9594-b3f6a64d37d3", "object_repr": "OT8 (Yarim tayyor mahsulot)", "action_flag": 1, "change_message": "[{\"added\": {}}]"}}, {"model": "admin.logentry", "pk": 9, "fields": {"action_time": "2025-08-30T12:42:00.808Z", "user": "dd66cf1f-cf45-407e-a367-b44021243bb2", "content_type": 9, "object_id": "6dcd1ff7-bfd1-4c80-9753-89a4c03ba3f8", "object_repr": "OTB8 (Tayyor mahsulot)", "action_flag": 1, "change_message": "[{\"added\": {}}]"}}, {"model": "admin.logentry", "pk": 10, "fields": {"action_time": "2025-08-30T12:42:28.755Z", "user": "dd66cf1f-cf45-407e-a367-b44021243bb2", "content_type": 9, "object_id": "2c749900-cd88-496a-9874-6040edd0abc0", "object_repr": "OTF8 (Tayyor mahsulot)", "action_flag": 1, "change_message": "[{\"added\": {}}]"}}, {"model": "admin.logentry", "pk": 11, "fields": {"action_time": "2025-08-30T12:43:04.720Z", "user": "dd66cf1f-cf45-407e-a367-b44021243bb2", "content_type": 9, "object_id": "c56f0e12-390e-419b-85d2-9e7afd4ceff9", "object_repr": "P2 (Yarim tayyor mahsulot)", "action_flag": 1, "change_message": "[{\"added\": {}}]"}}, {"model": "admin.logentry", "pk": 12, "fields": {"action_time": "2025-08-30T12:44:03.819Z", "user": "dd66cf1f-cf45-407e-a367-b44021243bb2", "content_type": 9, "object_id": "47a6aa47-8a54-4456-97c3-a0a6413983b2", "object_repr": "PL2 (Tayyor mahsulot)", "action_flag": 1, "change_message": "[{\"added\": {}}]"}}, {"model": "admin.logentry", "pk": 13, "fields": {"action_time": "2025-08-30T13:00:10.418Z", "user": "dd66cf1f-cf45-407e-a367-b44021243bb2", "content_type": 16, "object_id": "8377aea9-10e7-4acd-8f1b-e38d12561ce0", "object_repr": "OT8 in OTB8", "action_flag": 1, "change_message": "[{\"added\": {}}]"}}, {"model": "admin.logentry", "pk": 14, "fields": {"action_time": "2025-08-30T13:00:30.380Z", "user": "dd66cf1f-cf45-407e-a367-b44021243bb2", "content_type": 16, "object_id": "4c61e13c-2419-4bb4-8574-a203403bada8", "object_repr": "OT8 in OTF8", "action_flag": 1, "change_message": "[{\"added\": {}}]"}}, {"model": "admin.logentry", "pk": 15, "fields": {"action_time": "2025-08-30T13:00:38.194Z", "user": "dd66cf1f-cf45-407e-a367-b44021243bb2", "content_type": 16, "object_id": "f8463e84-c7a2-46b6-93fb-bff2130eb292", "object_repr": "P2 in PL2", "action_flag": 1, "change_message": "[{\"added\": {}}]"}}, {"model": "admin.logentry", "pk": 16, "fields": {"action_time": "2025-08-30T13:45:32.005Z", "user": "dd66cf1f-cf45-407e-a367-b44021243bb2", "content_type": 11, "object_id": "aa231191-4907-46e5-92bc-3293db11bb12", "object_repr": "Degassing Warehouse", "action_flag": 1, "change_message": "[{\"added\": {}}]"}}, {"model": "admin.logentry", "pk": 17, "fields": {"action_time": "2025-08-30T14:03:26.845Z", "user": "dd66cf1f-cf45-407e-a367-b44021243bb2", "content_type": 11, "object_id": "9e12ffc0-83f9-4ded-b390-7ff01c335215", "object_repr": "Main Warehouse", "action_flag": 1, "change_message": "[{\"added\": {}}]"}}, {"model": "admin.logentry", "pk": 18, "fields": {"action_time": "2025-08-30T14:03:57.443Z", "user": "dd66cf1f-cf45-407e-a367-b44021243bb2", "content_type": 11, "object_id": "86457e09-b391-494f-99ae-71167e2835a8", "object_repr": "Workshop Warehouse", "action_flag": 1, "change_message": "[{\"added\": {}}]"}}, {"model": "admin.logentry", "pk": 19, "fields": {"action_time": "2025-08-30T14:05:30.068Z", "user": "dd66cf1f-cf45-407e-a367-b44021243bb2", "content_type": 10, "object_id": "8ed47dcd-e26e-430e-8546-d22ab11888af", "object_repr": "Main Warehouse's Location (Warehouse Main Warehouse)", "action_flag": 1, "change_message": "[{\"added\": {}}]"}}, {"model": "admin.logentry", "pk": 20, "fields": {"action_time": "2025-08-30T14:05:48.231Z", "user": "dd66cf1f-cf45-407e-a367-b44021243bb2", "content_type": 10, "object_id": "e4590c77-b37c-4135-8a3c-075965724001", "object_repr": "Degassing Warehouse's location (Warehouse Degassing Warehouse)", "action_flag": 1, "change_message": "[{\"added\": {}}]"}}, {"model": "admin.logentry", "pk": 21, "fields": {"action_time": "2025-08-30T14:06:00.406Z", "user": "dd66cf1f-cf45-407e-a367-b44021243bb2", "content_type": 10, "object_id": "5a273ab9-d419-4bc6-a3b0-cbbe2bb49150", "object_repr": "Workshop Warehouse's location (Warehouse Workshop Warehouse)", "action_flag": 1, "change_message": "[{\"added\": {}}]"}}, {"model": "admin.logentry", "pk": 22, "fields": {"action_time": "2025-08-30T14:13:24.084Z", "user": "dd66cf1f-cf45-407e-a367-b44021243bb2", "content_type": 10, "object_id": "9c90d56e-c208-4bf8-b63b-3db4400fddea", "object_repr": "Workshop's location (Workshop )", "action_flag": 1, "change_message": "[{\"added\": {}}]"}}, {"model": "admin.logentry", "pk": 23, "fields": {"action_time": "2025-08-30T14:14:41.837Z", "user": "dd66cf1f-cf45-407e-a367-b44021243bb2", "content_type": 6, "object_id": "a947f6a9-0647-40e6-b61d-5f5ac3731e6c", "object_repr": "Extruder-1", "action_flag": 1, "change_message": "[{\"added\": {}}]"}}, {"model": "admin.logentry", "pk": 24, "fields": {"action_time": "2025-08-30T14:15:12.953Z", "user": "dd66cf1f-cf45-407e-a367-b44021243bb2", "content_type": 6, "object_id": "b9bc85c1-4e29-4e56-8f8b-688997623f84", "object_repr": "Extrude- 2", "action_flag": 1, "change_message": "[{\"added\": {}}]"}}, {"model": "admin.logentry", "pk": 25, "fields": {"action_time": "2025-08-30T14:16:02.595Z", "user": "dd66cf1f-cf45-407e-a367-b44021243bb2", "content_type": 6, "object_id": "0b0c5d80-c72a-4746-aa0c-a599d2572162", "object_repr": "Extruder-3", "action_flag": 1, "change_message": "[{\"added\": {}}]"}}, {"model": "admin.logentry", "pk": 26, "fields": {"action_time": "2025-08-30T14:16:30.345Z", "user": "dd66cf1f-cf45-407e-a367-b44021243bb2", "content_type": 6, "object_id": "4bf84f8f-d4a2-40a8-b165-1f6db03a4ba4", "object_repr": "Duplicator", "action_flag": 1, "change_message": "[{\"added\": {}}]"}}, {"model": "admin.logentry", "pk": 27, "fields": {"action_time": "2025-08-30T14:17:16.142Z", "user": "dd66cf1f-cf45-407e-a367-b44021243bb2", "content_type": 6, "object_id": "c7301eef-72d1-4f19-a114-88ea7e676c3c", "object_repr": "Laminator-1", "action_flag": 1, "change_message": "[{\"added\": {}}]"}}, {"model": "admin.logentry", "pk": 28, "fields": {"action_time": "2025-08-30T14:17:32.367Z", "user": "dd66cf1f-cf45-407e-a367-b44021243bb2", "content_type": 6, "object_id": "52f0e795-1c7f-4a62-a3a2-5ab851a52988", "object_repr": "Laminator-2", "action_flag": 1, "change_message": "[{\"added\": {}}]"}}, {"model": "admin.logentry", "pk": 29, "fields": {"action_time": "2025-08-30T14:18:33.626Z", "user": "dd66cf1f-cf45-407e-a367-b44021243bb2", "content_type": 6, "object_id": "957c3f52-0ad9-4703-adac-71999bbdc914", "object_repr": "Crusher for hard", "action_flag": 1, "change_message": "[{\"added\": {}}]"}}, {"model": "admin.logentry", "pk": 30, "fields": {"action_time": "2025-08-30T14:19:04.684Z", "user": "dd66cf1f-cf45-407e-a367-b44021243bb2", "content_type": 6, "object_id": "df33f3e2-ec9a-4c21-a1a0-575c374d4cf2", "object_repr": "Crusher for soft", "action_flag": 1, "change_message": "[{\"added\": {}}]"}}, {"model": "admin.logentry", "pk": 31, "fields": {"action_time": "2025-08-30T14:26:37.534Z", "user": "dd66cf1f-cf45-407e-a367-b44021243bb2", "content_type": 10, "object_id": "a63ac0de-2638-4c25-a208-f06fc1f5835f", "object_repr": "Extruder-1 staging (Work Center Staging Extruder-1)", "action_flag": 1, "change_message": "[{\"added\": {}}]"}}, {"model": "admin.logentry", "pk": 32, "fields": {"action_time": "2025-08-30T14:26:51.283Z", "user": "dd66cf1f-cf45-407e-a367-b44021243bb2", "content_type": 10, "object_id": "6676a230-f16b-4223-b827-ecc5da5b4133", "object_repr": "Extrude- 2 staging (Work Center Staging Extrude- 2)", "action_flag": 1, "change_message": "[{\"added\": {}}]"}}, {"model": "admin.logentry", "pk": 33, "fields": {"action_time": "2025-08-30T14:27:14.100Z", "user": "dd66cf1f-cf45-407e-a367-b44021243bb2", "content_type": 10, "object_id": "d6dd4a43-7c37-4df6-9bc8-b027d6ed9077", "object_repr": "Extruder-3 staging (Work Center Staging Extruder-3)", "action_flag": 1, "change_message": "[{\"added\": {}}]"}}, {"model": "admin.logentry", "pk": 34, "fields": {"action_time": "2025-08-30T14:27:31.164Z", "user": "dd66cf1f-cf45-407e-a367-b44021243bb2", "content_type": 10, "object_id": "d6e69143-b5df-477d-bde5-81041e83a75e", "object_repr": "Laminator-1 staging (Work Center Staging Laminator-1)", "action_flag": 1, "change_message": "[{\"added\": {}}]"}}, {"model": "admin.logentry", "pk": 35, "fields": {"action_time": "2025-08-30T14:27:45.003Z", "user": "dd66cf1f-cf45-407e-a367-b44021243bb2", "content_type": 10, "object_id": "0f1185d1-2253-407a-ac17-b88e6d43fcd6", "object_repr": "Laminator-2 staging (Work Center Staging Laminator-2)", "action_flag": 1, "change_message": "[{\"added\": {}}]"}}, {"model": "admin.logentry", "pk": 36, "fields": {"action_time": "2025-08-30T14:27:58.788Z", "user": "dd66cf1f-cf45-407e-a367-b44021243bb2", "content_type": 10, "object_id": "787d5e0e-afe8-4722-8a8c-32468b8def0c", "object_repr": "Duplicator (Work Center Staging Duplicator)", "action_flag": 1, "change_message": "[{\"added\": {}}]"}}, {"model": "admin.logentry", "pk": 37, "fields": {"action_time": "2025-08-30T14:28:35.928Z", "user": "dd66cf1f-cf45-407e-a367-b44021243bb2", "content_type": 10, "object_id": "9f3a6012-0d21-4284-a4c1-ccd6c49bcd88", "object_repr": "Crusher staging (Work Center Staging Crusher for soft)", "action_flag": 1, "change_message": "[{\"added\": {}}]"}}, {"model": "admin.logentry", "pk": 38, "fields": {"action_time": "2025-08-30T14:36:39.354Z", "user": "dd66cf1f-cf45-407e-a367-b44021243bb2", "content_type": 10, "object_id": "787d5e0e-afe8-4722-8a8c-32468b8def0c", "object_repr": "Duplicator staging (Work Center Staging Duplicator)", "action_flag": 2, "change_message": "[{\"changed\": {\"fields\": [\"Name\"]}}]"}}, {"model": "admin.logentry", "pk": 39, "fields": {"action_time": "2025-08-30T14:44:53.621Z", "user": "dd66cf1f-cf45-407e-a367-b44021243bb2", "content_type": 13, "object_id": "67fddf7c-0b70-41d4-82d1-ab74a2d784f4", "object_repr": "PVD @ Extruder-1 staging (Work Center Staging Extruder-1) = 1000", "action_flag": 1, "change_message": "[{\"added\": {}}]"}}, {"model": "admin.logentry", "pk": 40, "fields": {"action_time": "2025-08-30T14:45:02.362Z", "user": "dd66cf1f-cf45-407e-a367-b44021243bb2", "content_type": 13, "object_id": "77cfe1bc-24c7-4843-9f26-ad6ba9c3b6c7", "object_repr": "VT @ Extruder-1 staging (Work Center Staging Extruder-1) = 1000", "action_flag": 1, "change_message": "[{\"added\": {}}]"}}, {"model": "admin.logentry", "pk": 41, "fields": {"action_time": "2025-08-30T14:45:16.096Z", "user": "dd66cf1f-cf45-407e-a367-b44021243bb2", "content_type": 13, "object_id": "37aed105-2bab-4939-8fd3-2cb90810b18a", "object_repr": "FIN @ Extruder-1 staging (Work Center Staging Extruder-1) = 100", "action_flag": 1, "change_message": "[{\"added\": {}}]"}}, {"model": "admin.logentry", "pk": 42, "fields": {"action_time": "2025-08-30T14:45:34.170Z", "user": "dd66cf1f-cf45-407e-a367-b44021243bb2", "content_type": 13, "object_id": "0b28f4de-610a-4919-a0c5-faad4cc4f5d7", "object_repr": "KR @ Extruder-1 staging (Work Center Staging Extruder-1) = 100", "action_flag": 1, "change_message": "[{\"added\": {}}]"}}, {"model": "admin.logentry", "pk": 43, "fields": {"action_time": "2025-08-30T14:45:52.583Z", "user": "dd66cf1f-cf45-407e-a367-b44021243bb2", "content_type": 13, "object_id": "2a7295ec-3858-4e4a-84ed-17857e6142fe", "object_repr": "PVD @ Workshop's location (Workshop ) = 3000", "action_flag": 1, "change_message": "[{\"added\": {}}]"}}, {"model": "admin.logentry", "pk": 44, "fields": {"action_time": "2025-08-30T14:46:00.847Z", "user": "dd66cf1f-cf45-407e-a367-b44021243bb2", "content_type": 13, "object_id": "59b9f968-08f0-4888-a7cb-cc3cd856d92d", "object_repr": "VT @ Workshop's location (Workshop ) = 2000", "action_flag": 1, "change_message": "[{\"added\": {}}]"}}, {"model": "admin.logentry", "pk": 45, "fields": {"action_time": "2025-08-30T14:46:30.924Z", "user": "dd66cf1f-cf45-407e-a367-b44021243bb2", "content_type": 13, "object_id": "335979a9-4265-460d-be35-8241ff9d824d", "object_repr": "PVD @ Main Warehouse's Location (Warehouse Main Warehouse) = 10000", "action_flag": 1, "change_message": "[{\"added\": {}}]"}}, {"model": "admin.logentry", "pk": 46, "fields": {"action_time": "2025-08-30T14:48:23.615Z", "user": "dd66cf1f-cf45-407e-a367-b44021243bb2", "content_type": 13, "object_id": "00655ea8-5edf-4902-9a71-451198399c0c", "object_repr": "VT @ Main Warehouse's Location (Warehouse Main Warehouse) = 5000", "action_flag": 1, "change_message": "[{\"added\": {}}]"}}, {"model": "admin.logentry", "pk": 47, "fields": {"action_time": "2025-08-30T15:16:46.018Z", "user": "dd66cf1f-cf45-407e-a367-b44021243bb2", "content_type": 8, "object_id": "931806cc-381e-40ab-8e2e-db301d76478d", "object_repr": "Lavsan - gold (Zar)", "action_flag": 2, "change_message": "[{\"changed\": {\"fields\": [\"Price\"]}}]"}}, {"model": "admin.logentry", "pk": 48, "fields": {"action_time": "2025-08-30T15:16:55.869Z", "user": "dd66cf1f-cf45-407e-a367-b44021243bb2", "content_type": 8, "object_id": "f27523a8-3610-421e-aa26-b1470e53c350", "object_repr": "Lavsan - folga (Zar)", "action_flag": 2, "change_message": "[{\"changed\": {\"fields\": [\"Price\"]}}]"}}, {"model": "admin.logentry", "pk": 49, "fields": {"action_time": "2025-08-30T15:17:15.468Z", "user": "dd66cf1f-cf45-407e-a367-b44021243bb2", "content_type": 8, "object_id": "b63118f9-bea0-4ba9-b7d5-14a8e7ad2d4f", "object_repr": "KR (Granula)", "action_flag": 2, "change_message": "[{\"changed\": {\"fields\": [\"Price\"]}}]"}}, {"model": "admin.logentry", "pk": 50, "fields": {"action_time": "2025-08-30T15:17:24.534Z", "user": "dd66cf1f-cf45-407e-a367-b44021243bb2", "content_type": 8, "object_id": "1f0e6a3c-efb3-4ef3-b5c0-1ed8ca149c9a", "object_repr": "TAL (Granula)", "action_flag": 2, "change_message": "[{\"changed\": {\"fields\": [\"Price\"]}}]"}}, {"model": "admin.logentry", "pk": 51, "fields": {"action_time": "2025-08-30T15:17:31.637Z", "user": "dd66cf1f-cf45-407e-a367-b44021243bb2", "content_type": 8, "object_id": "910290dd-9c19-4f08-ae7e-4fabed461d55", "object_repr": "FIN (Granula)", "action_flag": 2, "change_message": "[{\"changed\": {\"fields\": [\"Price\"]}}]"}}, {"model": "admin.logentry", "pk": 52, "fields": {"action_time": "2025-08-30T15:17:43.112Z", "user": "dd66cf1f-cf45-407e-a367-b44021243bb2", "content_type": 8, "object_id": "f48baacd-ea74-44ef-a769-f3e56860b522", "object_repr": "VT (Granula)", "action_flag": 2, "change_message": "[{\"changed\": {\"fields\": [\"Price\"]}}]"}}, {"model": "admin.logentry", "pk": 53, "fields": {"action_time": "2025-08-30T15:17:48.673Z", "user": "dd66cf1f-cf45-407e-a367-b44021243bb2", "content_type": 8, "object_id": "6a87e79e-e9da-4f83-945b-c2f300652fc8", "object_repr": "PVD (Granula)", "action_flag": 2, "change_message": "[{\"changed\": {\"fields\": [\"Price\"]}}]"}}, {"model": "admin.logentry", "pk": 54, "fields": {"action_time": "2025-08-30T15:18:21.576Z", "user": "dd66cf1f-cf45-407e-a367-b44021243bb2", "content_type": 9, "object_id": "47a6aa47-8a54-4456-97c3-a0a6413983b2", "object_repr": "PL2 (Tayyor mahsulot)", "action_flag": 2, "change_message": "[{\"changed\": {\"fields\": [\"Price\"]}}]"}}, {"model": "auth.permission", "pk": 1, "fields": {"name": "Can add log entry", "content_type": 1, "codename": "add_logentry"}}, {"model": "auth.permission", "pk": 2, "fields": {"name": "Can change log entry", "content_type": 1, "codename": "change_logentry"}}, {"model": "auth.permission", "pk": 3, "fields": {"name": "Can delete log entry", "content_type": 1, "codename": "delete_logentry"}}, {"model": "auth.permission", "pk": 4, "fields": {"name": "Can view log entry", "content_type": 1, "codename": "view_logentry"}}, {"model": "auth.permission", "pk": 5, "fields": {"name": "Can add permission", "content_type": 2, "codename": "add_permission"}}, {"model": "auth.permission", "pk": 6, "fields": {"name": "Can change permission", "content_type": 2, "codename": "change_permission"}}, {"model": "auth.permission", "pk": 7, "fields": {"name": "Can delete permission", "content_type": 2, "codename": "delete_permission"}}, {"model": "auth.permission", "pk": 8, "fields": {"name": "Can view permission", "content_type": 2, "codename": "view_permission"}}, {"model": "auth.permission", "pk": 9, "fields": {"name": "Can add group", "content_type": 3, "codename": "add_group"}}, {"model": "auth.permission", "pk": 10, "fields": {"name": "Can change group", "content_type": 3, "codename": "change_group"}}, {"model": "auth.permission", "pk": 11, "fields": {"name": "Can delete group", "content_type": 3, "codename": "delete_group"}}, {"model": "auth.permission", "pk": 12, "fields": {"name": "Can view group", "content_type": 3, "codename": "view_group"}}, {"model": "auth.permission", "pk": 13, "fields": {"name": "Can add content type", "content_type": 4, "codename": "add_contenttype"}}, {"model": "auth.permission", "pk": 14, "fields": {"name": "Can change content type", "content_type": 4, "codename": "change_contenttype"}}, {"model": "auth.permission", "pk": 15, "fields": {"name": "Can delete content type", "content_type": 4, "codename": "delete_contenttype"}}, {"model": "auth.permission", "pk": 16, "fields": {"name": "Can view content type", "content_type": 4, "codename": "view_contenttype"}}, {"model": "auth.permission", "pk": 17, "fields": {"name": "Can add session", "content_type": 5, "codename": "add_session"}}, {"model": "auth.permission", "pk": 18, "fields": {"name": "Can change session", "content_type": 5, "codename": "change_session"}}, {"model": "auth.permission", "pk": 19, "fields": {"name": "Can delete session", "content_type": 5, "codename": "delete_session"}}, {"model": "auth.permission", "pk": 20, "fields": {"name": "Can view session", "content_type": 5, "codename": "view_session"}}, {"model": "auth.permission", "pk": 21, "fields": {"name": "Can add work center", "content_type": 6, "codename": "add_workcenter"}}, {"model": "auth.permission", "pk": 22, "fields": {"name": "Can change work center", "content_type": 6, "codename": "change_workcenter"}}, {"model": "auth.permission", "pk": 23, "fields": {"name": "Can delete work center", "content_type": 6, "codename": "delete_workcenter"}}, {"model": "auth.permission", "pk": 24, "fields": {"name": "Can view work center", "content_type": 6, "codename": "view_workcenter"}}, {"model": "auth.permission", "pk": 25, "fields": {"name": "Can add user", "content_type": 7, "codename": "add_user"}}, {"model": "auth.permission", "pk": 26, "fields": {"name": "Can change user", "content_type": 7, "codename": "change_user"}}, {"model": "auth.permission", "pk": 27, "fields": {"name": "Can delete user", "content_type": 7, "codename": "delete_user"}}, {"model": "auth.permission", "pk": 28, "fields": {"name": "Can view user", "content_type": 7, "codename": "view_user"}}, {"model": "auth.permission", "pk": 29, "fields": {"name": "Can add material", "content_type": 8, "codename": "add_material"}}, {"model": "auth.permission", "pk": 30, "fields": {"name": "Can change material", "content_type": 8, "codename": "change_material"}}, {"model": "auth.permission", "pk": 31, "fields": {"name": "Can delete material", "content_type": 8, "codename": "delete_material"}}, {"model": "auth.permission", "pk": 32, "fields": {"name": "Can view material", "content_type": 8, "codename": "view_material"}}, {"model": "auth.permission", "pk": 33, "fields": {"name": "Can add product", "content_type": 9, "codename": "add_product"}}, {"model": "auth.permission", "pk": 34, "fields": {"name": "Can change product", "content_type": 9, "codename": "change_product"}}, {"model": "auth.permission", "pk": 35, "fields": {"name": "Can delete product", "content_type": 9, "codename": "delete_product"}}, {"model": "auth.permission", "pk": 36, "fields": {"name": "Can view product", "content_type": 9, "codename": "view_product"}}, {"model": "auth.permission", "pk": 37, "fields": {"name": "Can add location", "content_type": 10, "codename": "add_location"}}, {"model": "auth.permission", "pk": 38, "fields": {"name": "Can change location", "content_type": 10, "codename": "change_location"}}, {"model": "auth.permission", "pk": 39, "fields": {"name": "Can delete location", "content_type": 10, "codename": "delete_location"}}, {"model": "auth.permission", "pk": 40, "fields": {"name": "Can view location", "content_type": 10, "codename": "view_location"}}, {"model": "auth.permission", "pk": 41, "fields": {"name": "Can add warehouse", "content_type": 11, "codename": "add_warehouse"}}, {"model": "auth.permission", "pk": 42, "fields": {"name": "Can change warehouse", "content_type": 11, "codename": "change_warehouse"}}, {"model": "auth.permission", "pk": 43, "fields": {"name": "Can delete warehouse", "content_type": 11, "codename": "delete_warehouse"}}, {"model": "auth.permission", "pk": 44, "fields": {"name": "Can view warehouse", "content_type": 11, "codename": "view_warehouse"}}, {"model": "auth.permission", "pk": 45, "fields": {"name": "Can add inventory material log", "content_type": 12, "codename": "add_inventorymateriallog"}}, {"model": "auth.permission", "pk": 46, "fields": {"name": "Can change inventory material log", "content_type": 12, "codename": "change_inventorymateriallog"}}, {"model": "auth.permission", "pk": 47, "fields": {"name": "Can delete inventory material log", "content_type": 12, "codename": "delete_inventorymateriallog"}}, {"model": "auth.permission", "pk": 48, "fields": {"name": "Can view inventory material log", "content_type": 12, "codename": "view_inventorymateriallog"}}, {"model": "auth.permission", "pk": 49, "fields": {"name": "Can add stock level", "content_type": 13, "codename": "add_stocklevel"}}, {"model": "auth.permission", "pk": 50, "fields": {"name": "Can change stock level", "content_type": 13, "codename": "change_stocklevel"}}, {"model": "auth.permission", "pk": 51, "fields": {"name": "Can delete stock level", "content_type": 13, "codename": "delete_stocklevel"}}, {"model": "auth.permission", "pk": 52, "fields": {"name": "Can view stock level", "content_type": 13, "codename": "view_stocklevel"}}, {"model": "auth.permission", "pk": 53, "fields": {"name": "Can add order", "content_type": 14, "codename": "add_order"}}, {"model": "auth.permission", "pk": 54, "fields": {"name": "Can change order", "content_type": 14, "codename": "change_order"}}, {"model": "auth.permission", "pk": 55, "fields": {"name": "Can delete order", "content_type": 14, "codename": "delete_order"}}, {"model": "auth.permission", "pk": 56, "fields": {"name": "Can view order", "content_type": 14, "codename": "view_order"}}, {"model": "auth.permission", "pk": 57, "fields": {"name": "Can add used material", "content_type": 15, "codename": "add_usedmaterial"}}, {"model": "auth.permission", "pk": 58, "fields": {"name": "Can change used material", "content_type": 15, "codename": "change_usedmaterial"}}, {"model": "auth.permission", "pk": 59, "fields": {"name": "Can delete used material", "content_type": 15, "codename": "delete_usedmaterial"}}, {"model": "auth.permission", "pk": 60, "fields": {"name": "Can view used material", "content_type": 15, "codename": "view_usedmaterial"}}, {"model": "auth.permission", "pk": 61, "fields": {"name": "Can add product component", "content_type": 16, "codename": "add_productcomponent"}}, {"model": "auth.permission", "pk": 62, "fields": {"name": "Can change product component", "content_type": 16, "codename": "change_productcomponent"}}, {"model": "auth.permission", "pk": 63, "fields": {"name": "Can delete product component", "content_type": 16, "codename": "delete_productcomponent"}}, {"model": "auth.permission", "pk": 64, "fields": {"name": "Can view product component", "content_type": 16, "codename": "view_productcomponent"}}, {"model": "auth.permission", "pk": 65, "fields": {"name": "Can add inventory movement log", "content_type": 12, "codename": "add_inventorymovementlog"}}, {"model": "auth.permission", "pk": 66, "fields": {"name": "Can change inventory movement log", "content_type": 12, "codename": "change_inventorymovementlog"}}, {"model": "auth.permission", "pk": 67, "fields": {"name": "Can delete inventory movement log", "content_type": 12, "codename": "delete_inventorymovementlog"}}, {"model": "auth.permission", "pk": 68, "fields": {"name": "Can view inventory movement log", "content_type": 12, "codename": "view_inventorymovementlog"}}, {"model": "contenttypes.contenttype", "pk": 1, "fields": {"app_label": "admin", "model": "logentry"}}, {"model": "contenttypes.contenttype", "pk": 2, "fields": {"app_label": "auth", "model": "permission"}}, {"model": "contenttypes.contenttype", "pk": 3, "fields": {"app_label": "auth", "model": "group"}}, {"model": "contenttypes.contenttype", "pk": 4, "fields": {"app_label": "contenttypes", "model": "contenttype"}}, {"model": "contenttypes.contenttype", "pk": 5, "fields": {"app_label": "sessions", "model": "session"}}, {"model": "contenttypes.contenttype", "pk": 6, "fields": {"app_label": "workcenter", "model": "workcenter"}}, {"model": "contenttypes.contenttype", "pk": 7, "fields": {"app_label": "user", "model": "user"}}, {"model": "contenttypes.contenttype", "pk": 8, "fields": {"app_label": "material", "model": "material"}}, {"model": "contenttypes.contenttype", "pk": 9, "fields": {"app_label": "product", "model": "product"}}, {"model": "contenttypes.contenttype", "pk": 10, "fields": {"app_label": "warehouse", "model": "location"}}, {"model": "contenttypes.contenttype", "pk": 11, "fields": {"app_label": "warehouse", "model": "warehouse"}}, {"model": "contenttypes.contenttype", "pk": 12, "fields": {"app_label": "stock", "model": "inventorymovementlog"}}, {"model": "contenttypes.contenttype", "pk": 13, "fields": {"app_label": "stock", "model": "stocklevel"}}, {"model": "contenttypes.contenttype", "pk": 14, "fields": {"app_label": "production", "model": "order"}}, {"model": "contenttypes.contenttype", "pk": 15, "fields": {"app_label": "production", "model": "usedmaterial"}}, {"model": "contenttypes.contenttype", "pk": 16, "fields": {"app_label": "product", "model": "productcomponent"}}, {"model": "sessions.session", "pk": "uegy1n7ecn62jax2st0nds10hjuq92tp", "fields": {"session_data": ".eJxVzMsOgjAQheF36do2vQwdcMneZyBtZ0ZQAwmXlfHdRcNC1-f7z1N1aVv7blt47gZSZ0UUYxEnughUGiyyTiGizgDWOw8hZ69Ov1lO5c7jt72l8TqZMo3rPGTzIeZYF3OZiB_tYf8O-rT0ew0VirdNQccYg1gER6E4pqbmJtsSoCZLBJQxEYpU7GqBsFPkJODV6w3wkUF6:1usKpd:8rL7ou5mAkgxBNsY532EBBQBc1yt_gIt3Q9mvH1Y9kI", "expire_date": "2025-09-13T12:37:21.877Z"}}, {"model": "workcenter.workcenter", "pk": "0b0c5d80-c72a-4746-aa0c-a599d2572162", "fields": {"created_at": "2025-08-30T14:16:02.593Z", "updated_at": "2025-08-30T14:16:02.594Z", "name": "Extruder-3", "description": "75talik extruder - asosan bronyalash ishlari olib boriladi", "type": "EXTRUDER", "location": "9c90d56e-c208-4bf8-b63b-3db4400fddea", "capacity_per_hour": 75, "capacity_unit": "kg", "last_maintenance_date": null, "is_active": true}}, {"model": "workcenter.workcenter", "pk": "4bf84f8f-d4a2-40a8-b165-1f6db03a4ba4", "fields": {"created_at": "2025-08-30T14:16:30.344Z", "updated_at": "2025-08-30T14:16:30.344Z", "name": "Duplicator", "description": "Duplicator", "type": "DUPLICATOR", "location": "9c90d56e-c208-4bf8-b63b-3db4400fddea", "capacity_per_hour": null, "capacity_unit": null, "last_maintenance_date": null, "is_active": true}}, {"model": "workcenter.workcenter", "pk": "52f0e795-1c7f-4a62-a3a2-5ab851a52988", "fields": {"created_at": "2025-08-30T14:17:32.366Z", "updated_at": "2025-08-30T14:17:32.366Z", "name": "Laminator-2", "description": "2 - laminator", "type": "LAMINATOR", "location": "9c90d56e-c208-4bf8-b63b-3db4400fddea", "capacity_per_hour": null, "capacity_unit": null, "last_maintenance_date": null, "is_active": true}}, {"model": "workcenter.workcenter", "pk": "957c3f52-0ad9-4703-adac-71999bbdc914", "fields": {"created_at": "2025-08-30T14:18:33.625Z", "updated_at": "2025-08-30T14:18:33.625Z", "name": "Crusher for hard", "description": "Qattiq braglar uchun drabilka", "type": "BRAK MAYDALAGICH", "location": "9c90d56e-c208-4bf8-b63b-3db4400fddea", "capacity_per_hour": null, "capacity_unit": null, "last_maintenance_date": null, "is_active": true}}, {"model": "workcenter.workcenter", "pk": "a947f6a9-0647-40e6-b61d-5f5ac3731e6c", "fields": {"created_at": "2025-08-30T14:14:41.834Z", "updated_at": "2025-08-30T14:14:41.834Z", "name": "Extruder-1", "description": "120 talik Extruder", "type": "EXTRUDER", "location": "9c90d56e-c208-4bf8-b63b-3db4400fddea", "capacity_per_hour": 120, "capacity_unit": "kg", "last_maintenance_date": null, "is_active": true}}, {"model": "workcenter.workcenter", "pk": "b9bc85c1-4e29-4e56-8f8b-688997623f84", "fields": {"created_at": "2025-08-30T14:15:12.952Z", "updated_at": "2025-08-30T14:15:12.952Z", "name": "Extrude- 2", "description": "75 talik extuder", "type": "EXTRUDER", "location": "9c90d56e-c208-4bf8-b63b-3db4400fddea", "capacity_per_hour": 75, "capacity_unit": "kg", "last_maintenance_date": null, "is_active": true}}, {"model": "workcenter.workcenter", "pk": "c7301eef-72d1-4f19-a114-88ea7e676c3c", "fields": {"created_at": "2025-08-30T14:17:16.142Z", "updated_at": "2025-08-30T14:17:16.142Z", "name": "Laminator-1", "description": "1 - laminator", "type": "LAMINATOR", "location": "9c90d56e-c208-4bf8-b63b-3db4400fddea", "capacity_per_hour": null, "capacity_unit": null, "last_maintenance_date": null, "is_active": true}}, {"model": "workcenter.workcenter", "pk": "df33f3e2-ec9a-4c21-a1a0-575c374d4cf2", "fields": {"created_at": "2025-08-30T14:19:04.683Z", "updated_at": "2025-08-30T14:19:04.683Z", "name": "Crusher for soft", "description": "Yumshoq braglar uchun drabilka", "type": "BRAK MAYDALAGICH", "location": "9c90d56e-c208-4bf8-b63b-3db4400fddea", "capacity_per_hour": null, "capacity_unit": null, "last_maintenance_date": null, "is_active": true}}, {"model": "user.user", "pk": "dd66cf1f-cf45-407e-a367-b44021243bb2", "fields": {"password": "pbkdf2_sha256$1000000$5tBJqx82voa0nKiCI9koZO$nV2v8XxqFYhGm6UV+T5FKG7MtvHWSdP94RWjFcfGq3A=", "last_login": "2025-08-30T12:37:21.875Z", "is_superuser": true, "username": "admin", "first_name": "", "last_name": "", "email": "", "is_staff": true, "date_joined": "2025-08-30T12:36:33.976Z", "created_at": "2025-08-30T12:36:34.238Z", "updated_at": "2025-08-30T12:36:34.238Z", "phone_number": null, "role": null, "employee_id": null, "is_active": true, "shift": null, "profile_picture": "", "groups": [], "user_permissions": []}}, {"model": "material.material", "pk": "1f0e6a3c-efb3-4ef3-b5c0-1ed8ca149c9a", "fields": {"created_at": "2025-08-30T12:38:27.280Z", "updated_at": "2025-08-30T15:17:24.533Z", "name": "TAL", "slug": "tal", "code": "tal", "unit_of_measure": "KG", "type": "GRANULA", "description": "Tal", "price": "4000.00", "is_active": true}}, {"model": "material.material", "pk": "6a87e79e-e9da-4f83-945b-c2f300652fc8", "fields": {"created_at": "2025-08-30T12:37:43.911Z", "updated_at": "2025-08-30T15:17:48.671Z", "name": "PVD", "slug": "pvd", "code": "pvd", "unit_of_measure": "KG", "type": "GRANULA", "description": "pervichka", "price": "8000.00", "is_active": true}}, {"model": "material.material", "pk": "910290dd-9c19-4f08-ae7e-4fabed461d55", "fields": {"created_at": "2025-08-30T12:38:12.394Z", "updated_at": "2025-08-30T15:17:31.636Z", "name": "FIN", "slug": "fin", "code": "fin", "unit_of_measure": "KG", "type": "GRANULA", "description": "Finostat - gritsilin", "price": "2000.00", "is_active": true}}, {"model": "material.material", "pk": "931806cc-381e-40ab-8e2e-db301d76478d", "fields": {"created_at": "2025-08-30T12:40:06.217Z", "updated_at": "2025-08-30T15:16:46.016Z", "name": "Lavsan - gold", "slug": "lavsan-gold", "code": "lavsan-gold", "unit_of_measure": "KG", "type": "ZAR", "description": "Gold zar", "price": "1000.00", "is_active": true}}, {"model": "material.material", "pk": "b63118f9-bea0-4ba9-b7d5-14a8e7ad2d4f", "fields": {"created_at": "2025-08-30T12:38:56.312Z", "updated_at": "2025-08-30T15:17:15.467Z", "name": "KR", "slug": "kr", "code": "kr", "unit_of_measure": "KG", "type": "GRANULA", "description": "Bo'yoq", "price": "5000.00", "is_active": true}}, {"model": "material.material", "pk": "f27523a8-3610-421e-aa26-b1470e53c350", "fields": {"created_at": "2025-08-30T12:39:40.682Z", "updated_at": "2025-08-30T15:16:55.867Z", "name": "Lavsan - folga", "slug": "Lavsan-folga", "code": "folga", "unit_of_measure": "KG", "type": "ZAR", "description": "Folgali lavsan zar", "price": "2000.00", "is_active": true}}, {"model": "material.material", "pk": "f48baacd-ea74-44ef-a769-f3e56860b522", "fields": {"created_at": "2025-08-30T12:37:56.359Z", "updated_at": "2025-08-30T15:17:43.108Z", "name": "VT", "slug": "vt", "code": "vt", "unit_of_measure": "KG", "type": "GRANULA", "description": "vtorichka", "price": "10000.00", "is_active": true}}, {"model": "product.product", "pk": "2c749900-cd88-496a-9874-6040edd0abc0", "fields": {"created_at": "2025-08-30T12:42:28.753Z", "updated_at": "2025-08-30T12:42:28.753Z", "name": "OTF8", "slug": "otf8", "code": "otf8", "description": "Folga bilan o'ralgan izolyatsion quvur", "type": "FINISHED_PRODUCT", "photo": "product_photos/otf_oUl1noj.jpg", "price": null, "length": null, "thickness": null, "diameter": null, "width": null, "is_active": true}}, {"model": "product.product", "pk": "47a6aa47-8a54-4456-97c3-a0a6413983b2", "fields": {"created_at": "2025-08-30T12:44:03.818Z", "updated_at": "2025-08-30T15:18:21.574Z", "name": "PL2", "slug": "pl2", "code": "pl2", "description": "Lominatlangan polotno", "type": "FINISHED_PRODUCT", "photo": "", "price": "30000.00", "length": null, "thickness": null, "diameter": null, "width": null, "is_active": true}}, {"model": "product.product", "pk": "6dcd1ff7-bfd1-4c80-9753-89a4c03ba3f8", "fields": {"created_at": "2025-08-30T12:42:00.806Z", "updated_at": "2025-08-30T12:42:00.806Z", "name": "OTB8", "slug": "otb8", "code": "otb8", "description": "Bronyalangan izolyatsion quvur", "type": "FINISHED_PRODUCT", "photo": "product_photos/otb_kXSsLkR.jpg", "price": null, "length": null, "thickness": null, "diameter": null, "width": null, "is_active": true}}, {"model": "product.product", "pk": "a7326219-9ce0-499c-9594-b3f6a64d37d3", "fields": {"created_at": "2025-08-30T12:41:03.677Z", "updated_at": "2025-08-30T12:41:03.677Z", "name": "OT8", "slug": "ot8", "code": "ot8", "description": "Izolyatsion quvur", "type": "SEMI_FINISHED_PRODUCT", "photo": "product_photos/OT_Tux1vjF.png", "price": null, "length": null, "thickness": null, "diameter": null, "width": null, "is_active": true}}, {"model": "product.product", "pk": "c56f0e12-390e-419b-85d2-9e7afd4ceff9", "fields": {"created_at": "2025-08-30T12:43:04.719Z", "updated_at": "2025-08-30T12:43:04.719Z", "name": "P2", "slug": "p2", "code": "p2", "description": "Pololto", "type": "SEMI_FINISHED_PRODUCT", "photo": "", "price": null, "length": null, "thickness": null, "diameter": null, "width": null, "is_active": true}}, {"model": "product.productcomponent", "pk": "4c61e13c-2419-4bb4-8574-a203403bada8", "fields": {"created_at": "2025-08-30T13:00:30.379Z", "updated_at": "2025-08-30T13:00:30.379Z", "finished_product": "2c749900-cd88-496a-9874-6040edd0abc0", "semi_finished_product": "a7326219-9ce0-499c-9594-b3f6a64d37d3"}}, {"model": "product.productcomponent", "pk": "8377aea9-10e7-4acd-8f1b-e38d12561ce0", "fields": {"created_at": "2025-08-30T13:00:10.416Z", "updated_at": "2025-08-30T13:00:10.416Z", "finished_product": "6dcd1ff7-bfd1-4c80-9753-89a4c03ba3f8", "semi_finished_product": "a7326219-9ce0-499c-9594-b3f6a64d37d3"}}, {"model": "product.productcomponent", "pk": "f8463e84-c7a2-46b6-93fb-bff2130eb292", "fields": {"created_at": "2025-08-30T13:00:38.193Z", "updated_at": "2025-08-30T13:00:38.193Z", "finished_product": "47a6aa47-8a54-4456-97c3-a0a6413983b2", "semi_finished_product": "c56f0e12-390e-419b-85d2-9e7afd4ceff9"}}, {"model": "warehouse.warehouse", "pk": "86457e09-b391-494f-99ae-71167e2835a8", "fields": {"created_at": "2025-08-30T14:03:57.442Z", "updated_at": "2025-08-30T14:03:57.442Z", "name": "Workshop Warehouse", "description": "Tsexdagi ombor", "is_active": true}}, {"model": "warehouse.warehouse", "pk": "9e12ffc0-83f9-4ded-b390-7ff01c335215", "fields": {"created_at": "2025-08-30T14:03:26.844Z", "updated_at": "2025-08-30T14:03:26.844Z", "name": "Main Warehouse", "description": "Asosiy ombor", "is_active": true}}, {"model": "warehouse.warehouse", "pk": "aa231191-4907-46e5-92bc-3293db11bb12", "fields": {"created_at": "2025-08-30T13:45:32.002Z", "updated_at": "2025-08-30T13:45:32.002Z", "name": "Degassing Warehouse", "description": "Mahsulotlarni degozatsiya qilish uchun ombor", "is_active": true}}, {"model": "warehouse.location", "pk": "0f1185d1-2253-407a-ac17-b88e6d43fcd6", "fields": {"created_at": "2025-08-30T14:27:45.002Z", "updated_at": "2025-08-30T14:27:45.002Z", "name": "Laminator-2 staging", "location_type": "WORKCENTER", "warehouse": null, "work_center": "52f0e795-1c7f-4a62-a3a2-5ab851a52988", "is_active": true}}, {"model": "warehouse.location", "pk": "5a273ab9-d419-4bc6-a3b0-cbbe2bb49150", "fields": {"created_at": "2025-08-30T14:06:00.406Z", "updated_at": "2025-08-30T14:06:00.406Z", "name": "Workshop Warehouse's location", "location_type": "WAREHOUSE", "warehouse": "86457e09-b391-494f-99ae-71167e2835a8", "work_center": null, "is_active": true}}, {"model": "warehouse.location", "pk": "6676a230-f16b-4223-b827-ecc5da5b4133", "fields": {"created_at": "2025-08-30T14:26:51.281Z", "updated_at": "2025-08-30T14:26:51.281Z", "name": "Extrude- 2 staging", "location_type": "WORKCENTER", "warehouse": null, "work_center": "b9bc85c1-4e29-4e56-8f8b-688997623f84", "is_active": true}}, {"model": "warehouse.location", "pk": "787d5e0e-afe8-4722-8a8c-32468b8def0c", "fields": {"created_at": "2025-08-30T14:27:58.787Z", "updated_at": "2025-08-30T14:36:39.352Z", "name": "Duplicator staging", "location_type": "WORKCENTER", "warehouse": null, "work_center": "4bf84f8f-d4a2-40a8-b165-1f6db03a4ba4", "is_active": true}}, {"model": "warehouse.location", "pk": "8ed47dcd-e26e-430e-8546-d22ab11888af", "fields": {"created_at": "2025-08-30T14:05:30.065Z", "updated_at": "2025-08-30T14:05:30.065Z", "name": "Main Warehouse's Location", "location_type": "WAREHOUSE", "warehouse": "9e12ffc0-83f9-4ded-b390-7ff01c335215", "work_center": null, "is_active": true}}, {"model": "warehouse.location", "pk": "9c90d56e-c208-4bf8-b63b-3db4400fddea", "fields": {"created_at": "2025-08-30T14:13:24.078Z", "updated_at": "2025-08-30T14:13:24.078Z", "name": "Workshop's location", "location_type": "WORKSHOP", "warehouse": null, "work_center": null, "is_active": true}}, {"model": "warehouse.location", "pk": "9f3a6012-0d21-4284-a4c1-ccd6c49bcd88", "fields": {"created_at": "2025-08-30T14:28:35.926Z", "updated_at": "2025-08-30T14:28:35.926Z", "name": "Crusher staging", "location_type": "WORKCENTER", "warehouse": null, "work_center": "df33f3e2-ec9a-4c21-a1a0-575c374d4cf2", "is_active": true}}, {"model": "warehouse.location", "pk": "a63ac0de-2638-4c25-a208-f06fc1f5835f", "fields": {"created_at": "2025-08-30T14:26:37.532Z", "updated_at": "2025-08-30T14:26:37.532Z", "name": "Extruder-1 staging", "location_type": "WORKCENTER", "warehouse": null, "work_center": "a947f6a9-0647-40e6-b61d-5f5ac3731e6c", "is_active": true}}, {"model": "warehouse.location", "pk": "d6dd4a43-7c37-4df6-9bc8-b027d6ed9077", "fields": {"created_at": "2025-08-30T14:27:14.099Z", "updated_at": "2025-08-30T14:27:14.099Z", "name": "Extruder-3 staging", "location_type": "WORKCENTER", "warehouse": null, "work_center": "0b0c5d80-c72a-4746-aa0c-a599d2572162", "is_active": true}}, {"model": "warehouse.location", "pk": "d6e69143-b5df-477d-bde5-81041e83a75e", "fields": {"created_at": "2025-08-30T14:27:31.163Z", "updated_at": "2025-08-30T14:27:31.163Z", "name": "Laminator-1 staging", "location_type": "WORKCENTER", "warehouse": null, "work_center": "c7301eef-72d1-4f19-a114-88ea7e676c3c", "is_active": true}}, {"model": "warehouse.location", "pk": "e4590c77-b37c-4135-8a3c-075965724001", "fields": {"created_at": "2025-08-30T14:05:48.229Z", "updated_at": "2025-08-30T14:05:48.229Z", "name": "Degassing Warehouse's location", "location_type": "WAREHOUSE", "warehouse": "aa231191-4907-46e5-92bc-3293db11bb12", "work_center": null, "is_active": true}}, {"model": "stock.stocklevel", "pk": "00655ea8-5edf-4902-9a71-451198399c0c", "fields": {"created_at": "2025-08-30T14:48:23.613Z", "updated_at": "2025-08-30T14:48:23.613Z", "material": "f48baacd-ea74-44ef-a769-f3e56860b522", "location": "8ed47dcd-e26e-430e-8546-d22ab11888af", "quantity": "5000.000"}}, {"model": "stock.stocklevel", "pk": "0b28f4de-610a-4919-a0c5-faad4cc4f5d7", "fields": {"created_at": "2025-08-30T14:45:34.168Z", "updated_at": "2025-08-30T14:45:34.168Z", "material": "b63118f9-bea0-4ba9-b7d5-14a8e7ad2d4f", "location": "a63ac0de-2638-4c25-a208-f06fc1f5835f", "quantity": "100.000"}}, {"model": "stock.stocklevel", "pk": "2a7295ec-3858-4e4a-84ed-17857e6142fe", "fields": {"created_at": "2025-08-30T14:45:52.581Z", "updated_at": "2025-08-30T14:45:52.581Z", "material": "6a87e79e-e9da-4f83-945b-c2f300652fc8", "location": "9c90d56e-c208-4bf8-b63b-3db4400fddea", "quantity": "3000.000"}}, {"model": "stock.stocklevel", "pk": "335979a9-4265-460d-be35-8241ff9d824d", "fields": {"created_at": "2025-08-30T14:46:30.922Z", "updated_at": "2025-08-30T14:46:30.922Z", "material": "6a87e79e-e9da-4f83-945b-c2f300652fc8", "location": "8ed47dcd-e26e-430e-8546-d22ab11888af", "quantity": "10000.000"}}, {"model": "stock.stocklevel", "pk": "37aed105-2bab-4939-8fd3-2cb90810b18a", "fields": {"created_at": "2025-08-30T14:45:16.093Z", "updated_at": "2025-08-30T14:45:16.093Z", "material": "910290dd-9c19-4f08-ae7e-4fabed461d55", "location": "a63ac0de-2638-4c25-a208-f06fc1f5835f", "quantity": "100.000"}}, {"model": "stock.stocklevel", "pk": "59b9f968-08f0-4888-a7cb-cc3cd856d92d", "fields": {"created_at": "2025-08-30T14:46:00.846Z", "updated_at": "2025-08-30T14:46:00.846Z", "material": "f48baacd-ea74-44ef-a769-f3e56860b522", "location": "9c90d56e-c208-4bf8-b63b-3db4400fddea", "quantity": "2000.000"}}, {"model": "stock.stocklevel", "pk": "67fddf7c-0b70-41d4-82d1-ab74a2d784f4", "fields": {"created_at": "2025-08-30T14:44:53.616Z", "updated_at": "2025-08-30T14:44:53.616Z", "material": "6a87e79e-e9da-4f83-945b-c2f300652fc8", "location": "a63ac0de-2638-4c25-a208-f06fc1f5835f", "quantity": "1000.000"}}, {"model": "stock.stocklevel", "pk": "77cfe1bc-24c7-4843-9f26-ad6ba9c3b6c7", "fields": {"created_at": "2025-08-30T14:45:02.359Z", "updated_at": "2025-08-30T14:45:02.359Z", "material": "f48baacd-ea74-44ef-a769-f3e56860b522", "location": "a63ac0de-2638-4c25-a208-f06fc1f5835f", "quantity": "1000.000"}}]